Prediction Window,Model,Recall,Precision,F1,ROC-AUC,PR-AUC,Recall SD
Enrollment,Tuned Logistic Regression,0.7062910580415797,0.5240884388698384,0.601199604323644,0.768529477829414,0.6138573381021771,0.027779521594587957
Enrollment,Logistic + L1 Feature Selection,0.7001275214467888,0.5134231240174317,0.5917344617956226,0.7644796757622807,0.60392057437909,0.03135814471320935
Enrollment,Logistic + PCA (95% variance),0.6957145065306438,0.508501470261678,0.5873567060365525,0.7564083932578889,0.5896770861748475,0.013466001392967353
Enrollment,Tuned Random Forest,0.6324059046294149,0.5476240542302161,0.5866173897535594,0.7634093042339188,0.6022601012938937,0.02092336845475696
Enrollment,Tuned Gradient Boosting,0.4309645258520751,0.6294145173415606,0.5115364683235013,0.7668559640217274,0.610770740864454,0.021488162878153926
Semester 1,Tuned Logistic Regression,0.7713617744802534,0.6916048777862154,0.7285955372159728,0.8828867590190915,0.8232035811564407,0.020212410017908775
Semester 1,Logistic + L1 Feature Selection,0.7652175593167941,0.6888270279205901,0.7244734762453622,0.8784740923707421,0.8141678184705492,0.023878911658626267
Semester 1,Logistic + PCA (95% variance),0.7520558002936857,0.6857608674846314,0.7168551597807651,0.8742371215864869,0.8069686291360612,0.035762372496659256
Semester 1,Tuned Random Forest,0.727413246773321,0.7280944411426075,0.7271434540881797,0.8785391788482734,0.815255329623177,0.03212241738838897
Semester 1,Tuned Gradient Boosting,0.6693600741942962,0.7985988457442876,0.7275929860605215,0.8805521735853727,0.8230537081145417,0.030032743607045057
