feature,importance_mean,importance_std
Curricular units 1st sem (approved),0.04295774647887319,0.015757452062759074
Curricular units 1st sem (grade),0.035798122065727654,0.01168120498642915
Curricular units 1st sem (enrolled),0.024061032863849734,0.010644575790620323
sem1_approval_rate,0.020657276995305136,0.009436502930629932
sem1_no_approved_units,0.019600938967136123,0.010745047150385734
sem1_completion_gap,0.018192488262910773,0.01202980073446554
Unemployment rate,0.016549295774647865,0.008679892908208591
Curricular units 1st sem (credited),0.016314553990610308,0.007357011241415397
Scholarship holder,0.00997652582159623,0.007930138935027628
sem1_evaluations_per_enrolled,0.009624413145539893,0.008764391879152322
Age at enrollment,0.007276995305164309,0.007382246569725994
Marital status,0.0022300469483568044,0.003908644555245702
Curricular units 1st sem (without evaluations),0.0022300469483568044,0.0027997324980930864
Displaced,0.001877934272300467,0.003114201681084878
Previous qualification (grade),0.00035211267605633756,0.004486271092398208
Daytime/evening attendance,-0.00011737089201877919,0.004114682662666216
Previous qualification,-0.00023474178403755838,0.0032695747129540143
Nacionality,-0.00023474178403755838,0.0008783233302286236
International,-0.00023474178403755838,0.0008783233302286236
Educational special needs,-0.00035211267605633756,0.001056338028169013
Course,-0.00035211267605633756,0.009764383537931007
Father's occupation,-0.0005868544600939033,0.009003961696718625
Gender,-0.0007042253521126751,0.0054092575689215485
Father's qualification,-0.0031690140845070493,0.007178839757452138
Curricular units 1st sem (evaluations),-0.00434272300469483,0.005798882313162258
Mother's occupation,-0.004460093896713613,0.005816672156508859
GDP,-0.006103286384976525,0.005449852941898553
Admission grade,-0.0064553990610328555,0.0027400510633635534
Inflation rate,-0.007276995305164317,0.005816672156508864
Application order,-0.008215962441314551,0.004391616651143133
Mother's qualification,-0.009741784037558694,0.007961346423526604
sem1_no_enrolled_units,-0.01619718309859159,0.003227165982363311
Application mode,-0.019483568075117422,0.008015667173222506
